time[s], delta_E_total[W/m^3], delta_E_cx[W/m^3], delta_E_el[W/m^3]
  1.000000E-008,  2.306311E+007,  1.297481E+007,  1.008829E+007
  2.000000E-008,  1.660086E+007,  9.069654E+006,  7.531203E+006
  3.000000E-008,  1.535235E+007,  7.989365E+006,  7.362988E+006
  4.000000E-008,  6.905878E+006,  4.150041E+006,  2.755837E+006
  5.000000E-008,  1.071758E+007,  6.675136E+006,  4.042443E+006
  6.000000E-008,  3.479325E+006,  1.168439E+006,  2.310886E+006
  7.000000E-008,  7.000848E+006,  1.267913E+006,  5.732935E+006
  8.000000E-008,  6.400846E+006,  4.577528E+006,  1.823317E+006
  9.000000E-008,  6.440683E+006,  2.405049E+006,  4.035634E+006
  1.000000E-007,  5.105718E+006,  2.804115E+006,  2.301603E+006
  1.100000E-007,  1.503217E+006,  8.063832E+005,  6.968340E+005
  1.200000E-007,  1.550989E+006,  1.918447E+006, -3.674580E+005
  1.300000E-007,  4.576069E+004,  1.763550E+006, -1.717789E+006
  1.400000E-007, -2.007378E+006, -1.971425E+006, -3.595319E+004
  1.500000E-007, -7.126527E+006, -5.875592E+006, -1.250935E+006
  1.600000E-007, -2.270074E+006,  1.554926E+005, -2.425567E+006
  1.700000E-007, -3.570052E+006, -4.391466E+006,  8.214133E+005
  1.800000E-007, -2.241643E+005,  2.256529E+005, -4.498172E+005
  1.900000E-007, -1.185853E+006, -5.136073E+005, -6.722461E+005
  2.000000E-007, -6.230297E+006, -3.511796E+006, -2.718501E+006
  2.100000E-007, -4.184477E+006, -1.661876E+006, -2.522600E+006
  2.200000E-007, -1.835263E+006, -5.218177E+005, -1.313445E+006
  2.300000E-007, -3.664013E+006, -1.456657E+006, -2.207356E+006
  2.400000E-007,  2.141659E+006, -2.610554E+005,  2.402714E+006
  2.500000E-007,  1.179585E+006, -1.114313E+006,  2.293897E+006
  2.600000E-007,  2.004616E+006,  1.620837E+006,  3.837792E+005
  2.700000E-007,  3.300090E+005,  4.514281E+005, -1.214191E+005
  2.800000E-007,  1.570390E+006,  3.078141E+006, -1.507751E+006
  2.900000E-007, -1.815890E+006, -1.161222E+005, -1.699768E+006
  3.000000E-007,  7.530775E+004,  1.419014E+006, -1.343706E+006
  3.100000E-007, -7.574130E+006, -4.220870E+006, -3.353259E+006
  3.200000E-007,  3.160910E+006,  3.794404E+006, -6.334936E+005
  3.300000E-007,  6.829307E+005,  3.995158E+006, -3.312227E+006
  3.400000E-007, -3.034439E+006, -3.945996E+006,  9.115573E+005
  3.500000E-007, -4.401028E+005,  7.612686E+005, -1.201371E+006
  3.600000E-007, -4.771613E+006, -3.000088E+006, -1.771525E+006
  3.700000E-007, -7.977035E+006, -4.377253E+006, -3.599782E+006
  3.800000E-007,  9.179845E+005,  9.025481E+005,  1.543648E+004
  3.900000E-007, -3.028481E+006, -1.632871E+006, -1.395609E+006
  4.000000E-007,  8.616093E+005,  1.332576E+006, -4.709663E+005
  4.100000E-007, -1.851510E+006, -6.918378E+005, -1.159672E+006
  4.200000E-007, -1.469585E+006,  5.179837E+005, -1.987568E+006
  4.300000E-007, -9.981705E+005,  1.588644E+006, -2.586814E+006
  4.400000E-007, -3.459670E+006, -2.358136E+006, -1.101534E+006
  4.500000E-007, -3.420879E+006, -1.009684E+005, -3.319911E+006
  4.600000E-007, -1.428913E+006, -1.567711E+006,  1.387977E+005
  4.700000E-007, -9.936816E+004,  1.222997E+006, -1.322365E+006
  4.800000E-007, -5.871225E+006, -4.179388E+006, -1.691836E+006
  4.900000E-007, -4.444739E+005,  1.021284E+006, -1.465758E+006
  5.000000E-007,  1.058228E+006, -2.333570E+005,  1.291585E+006
  5.100000E-007, -3.077212E+006, -5.347007E+006,  2.269794E+006
  5.200000E-007, -2.390019E+006,  5.313090E+004, -2.443150E+006
  5.300000E-007, -2.719858E+006, -1.210166E+006, -1.509693E+006
  5.400000E-007, -1.256220E+006, -3.925964E+006,  2.669744E+006
  5.500000E-007,  1.910100E+006,  1.452647E+006,  4.574537E+005
  5.600000E-007, -3.892276E+005, -1.727046E+006,  1.337819E+006
  5.700000E-007,  6.387091E+006,  5.243028E+006,  1.144063E+006
  5.800000E-007,  2.389309E+006, -3.140457E+005,  2.703355E+006
  5.900000E-007, -7.270891E+006, -4.142066E+006, -3.128826E+006
  6.000000E-007,  4.127739E+006,  3.652836E+006,  4.749022E+005
  6.100000E-007,  3.107199E+006,  2.557855E+006,  5.493442E+005
  6.200000E-007, -2.566915E+006, -1.563643E+006, -1.003272E+006
  6.300000E-007,  9.423501E+005,  1.435460E+006, -4.931098E+005
  6.400000E-007, -6.410365E+006, -5.541021E+006, -8.693442E+005
  6.500000E-007,  1.140787E+006,  3.306249E+006, -2.165462E+006
  6.600000E-007, -3.713084E+006, -6.178194E+005, -3.095264E+006
  6.700000E-007, -3.533367E+006, -2.900734E+006, -6.326337E+005
  6.800000E-007,  2.915299E+006,  2.870962E+006,  4.433758E+004
  6.900000E-007, -2.688581E+006, -2.654401E+006, -3.417975E+004
  7.000000E-007,  1.997523E+006,  1.183787E+006,  8.137355E+005
  7.100000E-007, -3.111566E+006, -2.078234E+006, -1.033332E+006
  7.200000E-007,  8.790173E+004,  2.085286E+006, -1.997384E+006
  7.300000E-007,  5.368541E+006,  4.157721E+006,  1.210821E+006
  7.400000E-007, -2.251410E+006, -5.726322E+005, -1.678778E+006
  7.500000E-007,  6.497217E+006,  4.586592E+006,  1.910625E+006
  7.600000E-007,  2.561057E+006,  8.303249E+005,  1.730732E+006
  7.700000E-007, -5.337271E+005, -2.237568E+006,  1.703840E+006
  7.800000E-007,  3.728011E+006,  2.494641E+006,  1.233370E+006
  7.900000E-007,  4.662340E+006,  2.834354E+006,  1.827986E+006
  8.000000E-007,  5.163434E+005, -1.740887E+006,  2.257230E+006
  8.100000E-007, -2.571526E+006, -4.058513E+005, -2.165675E+006
  8.200000E-007,  2.100038E+006,  9.611296E+005,  1.138909E+006
  8.300000E-007, -1.386459E+006, -2.030265E+006,  6.438052E+005
  8.400000E-007,  1.520010E+006,  1.359147E+006,  1.608627E+005
  8.500000E-007, -9.505061E+005, -2.496683E+006,  1.546177E+006
  8.600000E-007, -1.419773E+006, -1.181846E+006, -2.379272E+005
  8.700000E-007, -8.640824E+006, -3.304095E+006, -5.336729E+006
  8.800000E-007,  4.193048E+006,  1.184847E+006,  3.008201E+006
  8.900000E-007,  9.855113E+005,  1.940803E+006, -9.552917E+005
  9.000000E-007, -1.286847E+006, -9.990639E+005, -2.877830E+005
  9.100000E-007, -2.330116E+006, -1.353169E+006, -9.769472E+005
  9.200000E-007,  1.152987E+006,  1.150409E+006,  2.578125E+003
  9.300000E-007,  5.200092E+005,  1.456452E+006, -9.364424E+005
  9.400000E-007, -5.707285E+005,  1.407301E+006, -1.978030E+006
  9.500000E-007,  1.905858E+006,  1.277749E+006,  6.281092E+005
  9.600000E-007, -1.652843E+006, -3.262547E+005, -1.326589E+006
  9.700000E-007,  7.627070E+005, -1.852250E+006,  2.614957E+006
  9.800000E-007, -1.848675E+006, -1.284182E+006, -5.644931E+005
  9.900000E-007, -9.133128E+005, -9.601822E+005,  4.686940E+004
  1.000000E-006, -9.499218E+005, -3.436956E+006,  2.487034E+006
  1.010000E-006,  3.054051E+005, -3.152843E+005,  6.206894E+005
  1.020000E-006, -1.889592E+006,  2.299259E+005, -2.119518E+006
  1.030000E-006, -1.757966E+006, -3.708538E+006,  1.950572E+006
  1.040000E-006,  2.905664E+006,  7.248402E+005,  2.180824E+006
  1.050000E-006,  5.302676E+005, -9.120662E+005,  1.442334E+006
  1.060000E-006, -1.206449E+006, -1.303914E+006,  9.746484E+004
  1.070000E-006,  1.017475E+006,  2.047603E+006, -1.030128E+006
  1.080000E-006,  4.947615E+006,  2.347474E+006,  2.600141E+006
  1.090000E-006,  4.023116E+006,  7.800069E+005,  3.243109E+006
  1.100000E-006, -6.926928E+005, -3.258078E+004, -6.601121E+005
  1.110000E-006,  3.994729E+006,  1.916234E+006,  2.078495E+006
  1.120000E-006, -5.442891E+006, -7.945768E+005, -4.648314E+006
  1.130000E-006,  1.709223E+006,  1.079167E+006,  6.300558E+005
  1.140000E-006, -2.798823E+006, -2.772662E+006, -2.616058E+004
  1.150000E-006, -4.944903E+006, -3.755364E+006, -1.189539E+006
  1.160000E-006,  1.834097E+006,  1.379172E+006,  4.549247E+005
  1.170000E-006,  7.885024E+004,  5.235310E+005, -4.446808E+005
  1.180000E-006,  4.597477E+006,  2.667960E+006,  1.929516E+006
  1.190000E-006, -1.922548E+006,  3.572925E+005, -2.279840E+006
  1.200000E-006,  2.357756E+006, -6.339653E+004,  2.421153E+006
  1.210000E-006, -1.928146E+006, -2.119282E+006,  1.911365E+005
  1.220000E-006,  1.606401E+006,  1.607701E+006, -1.299455E+003
  1.230000E-006, -4.428135E+005,  8.720353E+005, -1.314849E+006
  1.240000E-006, -9.694745E+004, -2.338955E+006,  2.242008E+006
  1.250000E-006, -3.879991E+006, -4.817180E+006,  9.371891E+005
  1.260000E-006, -2.477613E+006, -2.817905E+006,  3.402920E+005
  1.270000E-006,  1.117811E+006,  2.091892E+006, -9.740809E+005
  1.280000E-006,  2.081503E+006,  1.918615E+006,  1.628880E+005
  1.290000E-006,  3.288258E+006,  1.768217E+006,  1.520041E+006
  1.300000E-006, -1.251032E+006, -2.271443E+005, -1.023888E+006
  1.310000E-006,  1.806303E+006,  1.632219E+006,  1.740844E+005
  1.320000E-006, -6.098969E+006, -5.071735E+006, -1.027234E+006
  1.330000E-006, -4.415088E+006, -1.914646E+006, -2.500442E+006
  1.340000E-006,  6.273839E+005,  3.329873E+005,  2.943966E+005
  1.350000E-006, -3.104270E+006, -1.533662E+006, -1.570608E+006
  1.360000E-006, -6.280236E+005, -1.833074E+006,  1.205051E+006
  1.370000E-006,  2.065790E+006, -4.168843E+005,  2.482675E+006
  1.380000E-006,  9.907577E+004, -8.970546E+005,  9.961304E+005
  1.390000E-006,  1.543831E+006,  7.777772E+005,  7.660539E+005
  1.400000E-006, -1.317456E+006, -2.255357E+005, -1.091920E+006
  1.410000E-006,  1.051261E+006, -1.301738E+006,  2.352999E+006
  1.420000E-006,  1.169247E+006,  1.998876E+005,  9.693591E+005
  1.430000E-006,  5.563049E+005,  1.399546E+006, -8.432415E+005
  1.440000E-006,  6.454492E+005,  2.805123E+006, -2.159674E+006
  1.450000E-006,  1.589224E+006,  3.501909E+004,  1.554205E+006
  1.460000E-006, -7.042204E+005, -7.953245E+005,  9.110408E+004
  1.470000E-006, -2.378618E+006, -4.034882E+005, -1.975130E+006
  1.480000E-006,  5.865814E+005, -9.884272E+005,  1.575009E+006
  1.490000E-006, -2.091822E+006,  4.660212E+005, -2.557843E+006
  1.500000E-006, -1.866060E+006,  1.211016E+006, -3.077077E+006
  1.510000E-006,  9.610090E+004,  1.702185E+006, -1.606084E+006
  1.520000E-006, -3.553835E+006, -3.107135E+006, -4.466996E+005
  1.530000E-006,  1.468431E+006,  8.411071E+005,  6.273238E+005
  1.540000E-006,  7.225047E+006,  7.471132E+006, -2.460847E+005
  1.550000E-006, -3.561237E+006,  3.447939E+005, -3.906031E+006
  1.560000E-006,  2.740929E+005,  4.862865E+005, -2.121936E+005
  1.570000E-006,  2.400722E+006,  7.216988E+005,  1.679023E+006
  1.580000E-006,  4.805423E+006,  3.935634E+006,  8.697887E+005
  1.590000E-006,  3.869301E+006,  2.248635E+006,  1.620666E+006
  1.600000E-006,  2.570051E+006,  1.185556E+006,  1.384496E+006
  1.610000E-006, -3.918908E+006,  8.870949E+005, -4.806003E+006
  1.620000E-006, -8.458562E+005,  4.687497E+005, -1.314606E+006
  1.630000E-006, -3.234358E+006, -3.117650E+006, -1.167073E+005
  1.640000E-006, -2.640901E+005, -5.182659E+005,  2.541758E+005
  1.650000E-006,  3.291468E+006,  1.423319E+006,  1.868149E+006
  1.660000E-006, -1.019379E+006, -1.647425E+006,  6.280465E+005
  1.670000E-006, -1.458440E+006, -7.193285E+005, -7.391120E+005
  1.680000E-006, -1.124718E+006, -1.065659E+006, -5.905903E+004
  1.690000E-006, -1.025849E+006, -5.455406E+005, -4.803081E+005
  1.700000E-006,  1.287557E+006, -4.406078E+005,  1.728165E+006
  1.710000E-006, -2.923219E+006,  9.770688E+004, -3.020926E+006
  1.720000E-006, -2.614853E+004, -4.558347E+004,  1.943493E+004
  1.730000E-006,  1.524656E+006, -1.523057E+006,  3.047713E+006
  1.740000E-006, -2.899742E+006, -1.076333E+006, -1.823409E+006
  1.750000E-006,  1.849298E+006,  2.700958E+006, -8.516604E+005
  1.760000E-006,  4.212500E+006,  4.614414E+006, -4.019141E+005
  1.770000E-006,  1.394861E+006,  1.596989E+006, -2.021280E+005
  1.780000E-006,  1.630554E+006,  1.859941E+006, -2.293871E+005
  1.790000E-006,  3.317161E+006,  3.051590E+006,  2.655711E+005
  1.800000E-006,  1.525094E+006, -2.388900E+005,  1.763984E+006
  1.810000E-006,  2.353742E+006, -5.381004E+004,  2.407552E+006
  1.820000E-006, -2.346562E+006, -2.650873E+006,  3.043110E+005
  1.830000E-006, -3.142102E+006, -1.546494E+006, -1.595608E+006
  1.840000E-006,  8.850291E+005,  1.875587E+006, -9.905575E+005
  1.850000E-006,  4.276435E+006,  2.409049E+006,  1.867386E+006
  1.860000E-006, -1.294055E+006, -2.242582E+006,  9.485270E+005
  1.870000E-006, -1.451954E+006, -7.702499E+005, -6.817041E+005
  1.880000E-006, -5.581480E+006, -3.382216E+006, -2.199264E+006
  1.890000E-006, -6.585469E+006, -2.032968E+006, -4.552500E+006
  1.900000E-006, -2.765624E+006, -1.802423E+006, -9.632011E+005
  1.910000E-006, -7.098418E+005, -8.758657E+005,  1.660239E+005
  1.920000E-006,  1.927579E+006, -5.802806E+004,  1.985607E+006
  1.930000E-006,  9.073419E+005,  2.220448E+006, -1.313106E+006
  1.940000E-006, -1.299618E+006, -9.824502E+005, -3.171674E+005
  1.950000E-006,  4.961389E+006,  2.531318E+006,  2.430071E+006
  1.960000E-006,  7.421504E+006,  4.585208E+006,  2.836296E+006
  1.970000E-006,  2.207618E+006,  7.750169E+005,  1.432601E+006
  1.980000E-006, -1.980027E+006, -9.195694E+005, -1.060457E+006
  1.990000E-006, -4.181192E+006, -3.828171E+006, -3.530211E+005
  2.000000E-006, -3.782091E+006, -2.359668E+006, -1.422423E+006
  2.010000E-006, -3.114811E+006, -1.368998E+006, -1.745812E+006
  2.020000E-006, -9.157322E+004, -1.484954E+004, -7.672368E+004
  2.030000E-006,  1.276639E+006,  1.519736E+006, -2.430965E+005
  2.040000E-006, -1.670482E+006, -4.615749E+005, -1.208907E+006
  2.050000E-006, -3.120514E+006, -2.406954E+006, -7.135597E+005
  2.060000E-006,  8.349456E+005,  1.516552E+006, -6.816068E+005
  2.070000E-006, -1.895692E+006, -9.213036E+005, -9.743889E+005
  2.080000E-006, -1.441461E+006, -2.288532E+006,  8.470713E+005
  2.090000E-006,  1.923224E+006,  8.832885E+005,  1.039936E+006
  2.100000E-006, -1.389985E+006, -1.510880E+006,  1.208951E+005
  2.110000E-006, -8.122237E+005, -9.019465E+004, -7.220291E+005
  2.120000E-006, -1.973405E+006, -2.884251E+006,  9.108460E+005
  2.130000E-006,  8.345750E+005, -1.142324E+006,  1.976899E+006
  2.140000E-006,  9.827375E+005,  4.596199E+006, -3.613461E+006
  2.150000E-006, -3.622985E+006, -1.855237E+006, -1.767748E+006
  2.160000E-006,  4.283102E+006,  5.049438E+006, -7.663367E+005
  2.170000E-006, -2.780761E+005,  2.824444E+005, -5.605205E+005
  2.180000E-006, -4.524914E+005, -1.230676E+006,  7.781845E+005
  2.190000E-006,  9.893475E+005, -1.175814E+006,  2.165161E+006
  2.200000E-006, -1.388397E+006, -1.771047E+006,  3.826508E+005
  2.210000E-006,  7.351451E+006,  4.055688E+006,  3.295763E+006
  2.220000E-006,  1.907721E+006,  7.436096E+005,  1.164111E+006
  2.230000E-006,  1.445852E+006,  4.153733E+006, -2.707881E+006
  2.240000E-006,  3.453719E+006,  4.640743E+005,  2.989645E+006
  2.250000E-006, -3.269509E+006, -3.285687E+006,  1.617754E+004
  2.260000E-006,  5.203565E+006,  4.101722E+006,  1.101842E+006
  2.270000E-006,  9.591462E+005, -3.580210E+005,  1.317167E+006
  2.280000E-006, -6.415809E+005, -5.716669E+004, -5.844142E+005
  2.290000E-006, -5.676858E+006, -4.624150E+006, -1.052708E+006
  2.300000E-006,  6.836896E+005,  1.580116E+006, -8.964265E+005
  2.310000E-006,  3.451531E+006,  4.779972E+003,  3.446751E+006
  2.320000E-006, -5.879082E+005, -8.471456E+005,  2.592375E+005
  2.330000E-006,  1.294589E+005,  2.715340E+005, -1.420751E+005
  2.340000E-006, -1.904163E+006, -1.850376E+006, -5.378654E+004
  2.350000E-006,  2.181079E+006,  1.715786E+006,  4.652932E+005
  2.360000E-006,  3.627005E+005, -1.912222E+006,  2.274923E+006
  2.370000E-006, -1.858709E+006, -2.437123E+006,  5.784141E+005
  2.380000E-006,  2.626020E+006,  3.311212E+003,  2.622709E+006
  2.390000E-006, -1.065384E+006, -9.354222E+005, -1.299623E+005
  2.400000E-006, -2.088500E+006, -2.266013E+006,  1.775127E+005
  2.410000E-006, -3.319436E+006, -2.464470E+006, -8.549653E+005
  2.420000E-006, -2.189282E+006, -2.288629E+006,  9.934715E+004
  2.430000E-006,  6.035405E+006,  1.555493E+006,  4.479912E+006
  2.440000E-006, -2.049634E+006, -6.708297E+005, -1.378805E+006
  2.450000E-006, -1.347756E+006, -1.025948E+006, -3.218072E+005
  2.460000E-006,  4.724359E+006,  4.700459E+006,  2.389910E+004
  2.470000E-006, -2.125301E+006, -2.129845E+006,  4.544560E+003
  2.480000E-006,  2.213119E+006,  2.890467E+005,  1.924072E+006
  2.490000E-006,  1.301041E+006, -1.106326E+006,  2.407367E+006
  2.500000E-006, -7.520042E+005, -1.021998E+006,  2.699942E+005
  2.510000E-006, -2.829589E+006, -3.675086E+005, -2.462080E+006
  2.520000E-006,  2.987913E+006,  2.709680E+006,  2.782324E+005
  2.530000E-006,  3.348220E+005, -2.155242E+006,  2.490064E+006
  2.540000E-006,  1.362145E+006,  2.924760E+006, -1.562615E+006
  2.550000E-006, -3.237122E+006, -2.621763E+006, -6.153589E+005
  2.560000E-006, -2.472966E+006, -4.847626E+006,  2.374659E+006
  2.570000E-006,  2.065672E+006,  9.485861E+005,  1.117086E+006
  2.580000E-006,  2.530594E+006,  2.133791E+006,  3.968036E+005
  2.590000E-006, -1.909940E+006, -2.174829E+006,  2.648890E+005
  2.600000E-006,  8.008752E+005,  2.409288E+006, -1.608413E+006
  2.610000E-006, -2.542405E+006, -2.615617E+006,  7.321260E+004
  2.620000E-006,  7.072259E+006,  4.689158E+006,  2.383101E+006
  2.630000E-006,  2.851462E+006,  6.785217E+005,  2.172940E+006
  2.640000E-006,  6.201653E+005,  7.226752E+005, -1.025099E+005
  2.650000E-006, -2.611685E+006, -1.585031E+006, -1.026654E+006
  2.660000E-006, -1.125714E+006, -9.706313E+005, -1.550822E+005
  2.670000E-006,  5.964846E+006,  1.600140E+006,  4.364706E+006
  2.680000E-006, -4.090570E+006, -4.348700E+006,  2.581303E+005
  2.690000E-006,  6.938501E+005,  1.121998E+005,  5.816503E+005
  2.700000E-006, -6.634079E+006, -2.205812E+006, -4.428266E+006
  2.710000E-006, -4.136943E+006, -5.980890E+006,  1.843947E+006
  2.720000E-006, -1.097926E+005, -2.370591E+006,  2.260798E+006
  2.730000E-006, -8.590111E+005, -1.747882E+006,  8.888712E+005
  2.740000E-006,  1.691964E+006,  3.854857E+006, -2.162892E+006
  2.750000E-006, -3.879945E+006, -4.286587E+006,  4.066422E+005
  2.760000E-006,  6.383450E+006,  6.007218E+006,  3.762318E+005
  2.770000E-006, -5.551011E+006, -2.083850E+006, -3.467161E+006
  2.780000E-006, -3.149161E+006, -3.032730E+006, -1.164312E+005
  2.790000E-006, -4.467355E+004, -1.716825E+006,  1.672151E+006
  2.800000E-006,  9.422519E+004, -4.843608E+005,  5.785860E+005
  2.810000E-006,  2.261129E+006,  1.765858E+006,  4.952716E+005
  2.820000E-006, -8.943510E+005, -9.237443E+005,  2.939331E+004
  2.830000E-006, -2.681905E+005, -7.416421E+005,  4.734516E+005
  2.840000E-006, -4.578906E+006, -1.784029E+006, -2.794877E+006
  2.850000E-006, -1.334320E+006, -1.257316E+006, -7.700355E+004
  2.860000E-006,  1.414860E+006,  6.524811E+005,  7.623786E+005
  2.870000E-006, -3.159177E+006, -1.085289E+006, -2.073888E+006
  2.880000E-006,  3.132927E+006,  1.933174E+006,  1.199753E+006
  2.890000E-006, -1.687894E+006, -1.178530E+006, -5.093636E+005
  2.900000E-006,  1.709989E+006, -1.099959E+005,  1.819985E+006
  2.910000E-006,  1.035693E+006,  5.666862E+005,  4.690070E+005
  2.920000E-006,  9.553676E+006,  5.667118E+006,  3.886558E+006
  2.930000E-006,  4.122432E+006,  2.589251E+006,  1.533181E+006
  2.940000E-006,  2.003618E+006,  4.077416E+006, -2.073798E+006
  2.950000E-006, -3.120796E+006,  1.342949E+006, -4.463745E+006
  2.960000E-006, -3.225668E+006, -1.322159E+006, -1.903509E+006
  2.970000E-006,  1.857569E+006,  1.705512E+006,  1.520567E+005
  2.980000E-006, -2.708317E+006, -2.324003E+006, -3.843133E+005
  2.990000E-006,  1.154670E+005,  1.565914E+006, -1.450447E+006
  3.000000E-006, -4.093380E+006, -3.585710E+006, -5.076699E+005
  3.010000E-006, -5.426903E+006, -2.060614E+006, -3.366289E+006
  3.020000E-006,  6.310855E+006,  3.347822E+006,  2.963033E+006
  3.030000E-006, -1.057451E+006, -2.152797E+005, -8.421712E+005
  3.040000E-006,  5.449805E+005,  7.817165E+004,  4.668088E+005
  3.050000E-006, -2.707675E+005, -1.472046E+006,  1.201278E+006
  3.060000E-006, -2.887242E+005, -6.346748E+005,  3.459506E+005
  3.070000E-006,  1.813057E+006, -3.385757E+005,  2.151632E+006
  3.080000E-006, -1.816844E+006, -2.005693E+006,  1.888490E+005
  3.090000E-006, -1.112149E+006,  7.631294E+005, -1.875279E+006
  3.100000E-006,  9.707909E+006,  6.850162E+006,  2.857748E+006
  3.110000E-006, -2.421813E+006, -9.180321E+005, -1.503780E+006
  3.120000E-006, -7.013201E+005,  1.236760E+006, -1.938081E+006
  3.130000E-006,  2.622449E+006,  3.845663E+006, -1.223214E+006
  3.140000E-006,  4.885255E+006,  4.310346E+006,  5.749090E+005
  3.150000E-006, -1.529288E+006,  2.626066E+006, -4.155353E+006
  3.160000E-006, -5.471686E+006, -1.173095E+006, -4.298591E+006
  3.170000E-006, -2.833994E+006, -3.057803E+006,  2.238086E+005
  3.180000E-006,  2.933374E+006,  9.229637E+005,  2.010410E+006
  3.190000E-006, -3.862155E+006, -8.773060E+005, -2.984849E+006
  3.200000E-006, -6.664074E+004, -2.833789E+006,  2.767148E+006
  3.210000E-006,  6.330874E+006,  9.601679E+005,  5.370706E+006
  3.220000E-006, -2.744116E+006, -2.393358E+006, -3.507585E+005
  3.230000E-006,  3.115385E+006,  3.392964E+006, -2.775788E+005
  3.240000E-006,  2.977168E+006,  1.463411E+006,  1.513757E+006
  3.250000E-006, -4.634001E+006, -3.004228E+006, -1.629772E+006
  3.260000E-006,  2.498378E+006,  2.236501E+006,  2.618770E+005
  3.270000E-006,  8.289614E+005,  3.199113E+005,  5.090501E+005
  3.280000E-006, -3.741044E+006, -3.589507E+006, -1.515373E+005
  3.290000E-006,  3.740778E+005,  4.199002E+006, -3.824924E+006
  3.300000E-006, -4.024481E+006, -1.746025E+006, -2.278456E+006
  3.310000E-006,  1.892503E+006,  1.509109E+005,  1.741593E+006
  3.320000E-006, -1.775406E+006, -1.424900E+006, -3.505064E+005
  3.330000E-006, -5.919079E+005, -4.523053E+006,  3.931145E+006
  3.340000E-006,  4.316751E+006,  1.267617E+006,  3.049134E+006
  3.350000E-006, -4.304327E+006, -4.648833E+006,  3.445067E+005
  3.360000E-006, -5.420328E+005,  1.403284E+006, -1.945317E+006
  3.370000E-006,  5.529784E+006,  3.398061E+006,  2.131722E+006
  3.380000E-006, -1.590441E+006,  4.183162E+005, -2.008757E+006
  3.390000E-006,  4.085308E+006,  1.948086E+006,  2.137222E+006
  3.400000E-006,  1.745557E+006, -1.366701E+006,  3.112258E+006
  3.410000E-006,  8.746587E+005, -2.505116E+005,  1.125170E+006
  3.420000E-006, -4.335391E+006, -1.725900E+006, -2.609490E+006
  3.430000E-006, -1.566451E+006,  1.606102E+006, -3.172553E+006
  3.440000E-006,  4.631183E+005, -4.799604E+005,  9.430787E+005
  3.450000E-006, -7.855679E+004,  2.833835E+005, -3.619403E+005
  3.460000E-006, -3.603733E+006, -4.016695E+006,  4.129620E+005
  3.470000E-006, -3.796399E+006, -3.883383E+006,  8.698456E+004
  3.480000E-006,  1.763404E+006,  1.727558E+006,  3.584611E+004
  3.490000E-006,  1.999064E+006,  7.678406E+005,  1.231224E+006
  3.500000E-006, -3.975539E+005,  9.711268E+005, -1.368681E+006
  3.510000E-006,  5.889261E+005,  7.006307E+004,  5.188630E+005
  3.520000E-006, -1.700910E+006, -1.192195E+006, -5.087149E+005
  3.530000E-006,  2.068855E+005,  1.173652E+006, -9.667661E+005
  3.540000E-006, -5.621174E+005, -1.586335E+006,  1.024218E+006
  3.550000E-006,  5.134580E+006,  2.233611E+006,  2.900969E+006
  3.560000E-006,  4.164618E+005, -1.249592E+006,  1.666054E+006
  3.570000E-006,  2.245784E+005, -2.094980E+006,  2.319558E+006
  3.580000E-006, -1.834746E+006, -1.908000E+006,  7.325375E+004
  3.590000E-006,  4.154124E+006,  6.632825E+005,  3.490842E+006
  3.600000E-006, -5.716931E+006, -5.042712E+006, -6.742192E+005
  3.610000E-006,  1.655988E+005, -1.098172E+006,  1.263770E+006
  3.620000E-006,  5.187498E+006,  3.739746E+006,  1.447753E+006
  3.630000E-006,  2.517986E+006,  7.530676E+005,  1.764918E+006
  3.640000E-006, -1.023803E+006,  8.152285E+005, -1.839032E+006
  3.650000E-006, -3.235229E+006, -9.078467E+005, -2.327382E+006
  3.660000E-006,  1.384300E+006,  1.063057E+006,  3.212429E+005
  3.670000E-006, -1.775083E+006, -2.528617E+006,  7.535336E+005
  3.680000E-006,  1.916095E+006, -5.107510E+005,  2.426846E+006
  3.690000E-006,  3.113702E+006, -3.150750E+005,  3.428777E+006
  3.700000E-006, -1.432269E+006, -2.195470E+006,  7.632011E+005
  3.710000E-006, -7.021697E+006, -3.779256E+006, -3.242441E+006
  3.720000E-006,  1.934792E+006,  2.876449E+006, -9.416565E+005
  3.730000E-006,  1.401787E+006,  1.001539E+006,  4.002482E+005
  3.740000E-006, -3.360211E+006, -2.462122E+006, -8.980884E+005
  3.750000E-006, -1.740810E+006, -2.509362E+006,  7.685523E+005
  3.760000E-006,  2.317326E+006,  1.966541E+006,  3.507844E+005
  3.770000E-006,  4.005534E+006,  2.055528E+006,  1.950006E+006
  3.780000E-006,  3.480875E+006,  3.243064E+006,  2.378116E+005
  3.790000E-006,  2.448490E+006, -3.447136E+005,  2.793204E+006
  3.800000E-006,  3.457771E+006,  4.151754E+005,  3.042595E+006
  3.810000E-006, -1.368982E+006, -1.811490E+006,  4.425085E+005
  3.820000E-006, -1.872504E+006, -8.753832E+005, -9.971204E+005
  3.830000E-006, -3.268583E+006, -2.368862E+006, -8.997208E+005
  3.840000E-006, -7.836647E+005,  2.919161E+006, -3.702826E+006
  3.850000E-006, -4.807869E+006, -4.073833E+006, -7.340355E+005
  3.860000E-006, -1.574748E+006, -1.863712E+006,  2.889633E+005
  3.870000E-006, -1.592817E+006,  7.650839E+005, -2.357900E+006
  3.880000E-006,  3.634318E+006,  1.954258E+006,  1.680060E+006
  3.890000E-006,  5.001642E+006,  4.000844E+006,  1.000798E+006
  3.900000E-006, -3.221517E+006, -1.186783E+006, -2.034734E+006
  3.910000E-006, -4.435867E+006, -3.726489E+006, -7.093780E+005
  3.920000E-006, -4.336639E+006, -9.723749E+005, -3.364264E+006
  3.930000E-006, -4.208637E+006, -8.556605E+005, -3.352976E+006
  3.940000E-006,  3.374801E+006,  2.093834E+006,  1.280966E+006
  3.950000E-006,  2.658850E+006,  1.639246E+006,  1.019604E+006
  3.960000E-006,  8.670857E+005,  1.594447E+006, -7.273613E+005
  3.970000E-006,  4.339876E+006,  1.776510E+006,  2.563366E+006
  3.980000E-006, -1.108453E+006, -8.597712E+005, -2.486823E+005
  3.990000E-006, -6.447720E+006, -4.479533E+006, -1.968187E+006
  4.000000E-006,  5.547649E+006,  2.098157E+006,  3.449492E+006
  4.010000E-006,  3.455726E+006,  3.022615E+006,  4.331101E+005
  4.020000E-006, -2.954089E+006, -1.282630E+006, -1.671459E+006
  4.030000E-006, -5.327513E+006, -2.349544E+006, -2.977970E+006
  4.040000E-006,  2.459325E+005,  2.503018E+005, -4.369292E+003
  4.050000E-006,  2.459247E+005, -1.542172E+006,  1.788097E+006
  4.060000E-006, -2.694943E+006, -4.264215E+005, -2.268522E+006
  4.070000E-006,  6.740169E+006,  1.195817E+006,  5.544352E+006
  4.080000E-006, -9.281421E+005, -9.224813E+005, -5.660756E+003
  4.090000E-006, -2.041164E+006, -2.084014E+006,  4.284987E+004
  4.100000E-006,  3.339312E+005,  1.123842E+006, -7.899112E+005
  4.110000E-006, -3.793174E+006, -3.263632E+006, -5.295423E+005
  4.120000E-006,  2.591948E+006,  5.678168E+004,  2.535167E+006
  4.130000E-006,  3.965600E+005,  2.341662E+006, -1.945102E+006
  4.140000E-006, -4.864410E+006, -2.329055E+006, -2.535355E+006
  4.150000E-006,  3.053942E+006, -1.850457E+005,  3.238987E+006
  4.160000E-006, -1.173645E+006,  1.084415E+006, -2.258060E+006
  4.170000E-006, -3.418452E+005,  1.846813E+006, -2.188658E+006
  4.180000E-006, -7.818365E+005, -4.482658E+006,  3.700822E+006
  4.190000E-006,  3.330895E+006,  2.975565E+006,  3.553299E+005
  4.200000E-006,  3.512936E+006,  5.093875E+005,  3.003549E+006
  4.210000E-006,  3.169201E+006,  1.731531E+006,  1.437669E+006
  4.220000E-006,  2.512014E+006,  2.746273E+004,  2.484551E+006
  4.230000E-006, -5.415093E+005,  9.118328E+005, -1.453342E+006
  4.240000E-006, -3.646335E+006, -2.925267E+006, -7.210680E+005
  4.250000E-006, -2.472432E+005, -1.063504E+006,  8.162609E+005
  4.260000E-006,  1.234675E+006, -1.496413E+006,  2.731088E+006
  4.270000E-006, -1.977698E+006, -3.335307E+006,  1.357609E+006
  4.280000E-006,  2.464327E+006,  2.203616E+006,  2.607111E+005
  4.290000E-006,  2.001691E+006, -8.342342E+005,  2.835926E+006
  4.300000E-006,  3.515360E+005, -2.000595E+006,  2.352131E+006
  4.310000E-006,  1.913873E+005, -1.738427E+006,  1.929815E+006
  4.320000E-006,  3.312417E+005,  1.170152E+005,  2.142265E+005
  4.330000E-006, -8.866841E+005, -1.131612E+006,  2.449283E+005
  4.340000E-006,  4.735507E+005,  1.103856E+006, -6.303055E+005
  4.350000E-006, -9.556498E+005, -6.245211E+005, -3.311287E+005
  4.360000E-006,  2.042511E+005, -1.063037E+006,  1.267288E+006
  4.370000E-006,  1.256883E+006,  1.113499E+006,  1.433846E+005
  4.380000E-006, -1.311035E+006, -2.210975E+006,  8.999404E+005
  4.390000E-006, -1.852930E+006, -5.197515E+005, -1.333178E+006
  4.400000E-006, -1.389346E+006, -3.212940E+006,  1.823594E+006
  4.410000E-006, -1.081140E+006, -2.945165E+006,  1.864025E+006
  4.420000E-006, -7.346322E+006, -4.351520E+006, -2.994803E+006
  4.430000E-006,  1.139113E+005, -9.781806E+005,  1.092092E+006
  4.440000E-006, -4.159231E+006, -3.499784E+006, -6.594477E+005
  4.450000E-006, -3.144523E+005, -5.828319E+004, -2.561691E+005
  4.460000E-006,  3.914757E+006,  8.092348E+005,  3.105522E+006
  4.470000E-006, -2.115579E+005, -2.535241E+006,  2.323683E+006
  4.480000E-006,  2.480399E+006,  2.106944E+006,  3.734549E+005
  4.490000E-006,  1.900012E+005,  8.114029E+005, -6.214017E+005
  4.500000E-006,  6.241277E+005, -6.313262E+005,  1.255454E+006
  4.510000E-006,  4.285915E+006,  4.255046E+006,  3.086891E+004
  4.520000E-006, -1.742373E+006,  7.569625E+005, -2.499335E+006
  4.530000E-006, -1.286700E+006, -2.520144E+006,  1.233444E+006
  4.540000E-006,  3.334979E+006,  3.071835E+006,  2.631441E+005
  4.550000E-006, -2.174345E+005, -8.413196E+005,  6.238851E+005
  4.560000E-006,  3.005233E+006,  4.023039E+006, -1.017806E+006
  4.570000E-006, -1.062527E+005,  1.995942E+006, -2.102194E+006
  4.580000E-006,  1.636754E+006, -1.450843E+006,  3.087597E+006
  4.590000E-006, -5.626569E+006, -2.616555E+006, -3.010014E+006
  4.600000E-006,  1.191038E+006, -1.019392E+005,  1.292978E+006
  4.610000E-006,  1.384448E+006,  2.823226E+005,  1.102125E+006
  4.620000E-006, -4.718910E+005, -5.483524E+005,  7.646140E+004
  4.630000E-006,  7.444482E+005,  1.404044E+006, -6.595956E+005
  4.640000E-006, -5.857940E+006, -4.058961E+006, -1.798979E+006
  4.650000E-006,  5.639860E+006,  4.665545E+006,  9.743156E+005
  4.660000E-006, -2.994009E+006, -3.472285E+006,  4.782764E+005
  4.670000E-006,  4.767237E+006,  1.231471E+006,  3.535766E+006
  4.680000E-006,  3.208884E+006,  2.102117E+006,  1.106767E+006
  4.690000E-006,  1.845474E+005,  3.226249E+005, -1.380774E+005
  4.700000E-006,  3.271773E+006,  4.572626E+006, -1.300852E+006
  4.710000E-006, -3.363928E+006, -7.324432E+005, -2.631485E+006
  4.720000E-006,  2.292655E+006,  1.683315E+006,  6.093400E+005
  4.730000E-006,  4.056926E+005, -3.799949E+006,  4.205641E+006
  4.740000E-006, -3.409014E+006, -3.424287E+006,  1.527256E+004
  4.750000E-006,  1.314289E+006, -8.664000E+005,  2.180689E+006
  4.760000E-006, -3.937705E+005, -8.071650E+004, -3.130540E+005
  4.770000E-006, -5.033732E+006, -5.378374E+006,  3.446418E+005
  4.780000E-006, -2.873579E+005, -2.190825E+006,  1.903467E+006
  4.790000E-006, -5.889797E+005, -1.870309E+006,  1.281329E+006
  4.800000E-006,  2.576654E+006,  9.204061E+005,  1.656248E+006
  4.810000E-006, -3.585398E+006,  6.867203E+005, -4.272118E+006
  4.820000E-006,  5.568683E+006,  6.060160E+005,  4.962667E+006
  4.830000E-006,  1.806474E+006,  1.718921E+006,  8.755321E+004
  4.840000E-006,  2.076736E+006,  4.770949E+006, -2.694213E+006
  4.850000E-006, -4.652136E+005, -4.826295E+005,  1.741596E+004
  4.860000E-006,  2.852794E+006,  3.000896E+006, -1.481023E+005
  4.870000E-006, -3.118266E+006, -3.034341E+006, -8.392488E+004
  4.880000E-006, -8.243618E+005, -4.820622E+006,  3.996260E+006
  4.890000E-006, -1.470528E+006,  9.330059E+005, -2.403534E+006
  4.900000E-006, -8.156975E+006, -5.732658E+006, -2.424318E+006
  4.910000E-006,  3.007596E+006,  3.209415E+006, -2.018196E+005
  4.920000E-006, -5.943968E+006, -3.251095E+006, -2.692873E+006
  4.930000E-006,  7.962812E+006,  6.866461E+006,  1.096350E+006
  4.940000E-006, -2.023767E+006, -2.563041E+006,  5.392743E+005
  4.950000E-006, -5.911777E+005,  1.602602E+006, -2.193780E+006
  4.960000E-006,  8.446070E+004, -2.607422E+006,  2.691883E+006
  4.970000E-006,  5.212808E+006,  1.614012E+006,  3.598796E+006
  4.980000E-006,  2.290015E+006, -2.600299E+005,  2.550045E+006
  4.990000E-006,  3.000484E+006, -1.639140E+006,  4.639624E+006
  5.000000E-006, -6.089500E+006, -5.330362E+006, -7.591381E+005
  5.010000E-006,  3.125189E+006, -1.717152E+005,  3.296904E+006
  5.020000E-006, -5.876151E+005, -2.014312E+006,  1.426697E+006
  5.030000E-006, -1.963919E+006, -2.022872E+006,  5.895292E+004
  5.040000E-006,  4.279512E+006,  1.533115E+006,  2.746396E+006
  5.050000E-006, -2.233624E+006, -1.586766E+006, -6.468579E+005
  5.060000E-006,  2.010516E+006,  2.249002E+006, -2.384860E+005
  5.070000E-006,  3.286835E+006,  1.370074E+006,  1.916761E+006
  5.080000E-006,  1.341449E+006,  1.860643E+006, -5.191938E+005
  5.090000E-006, -6.589957E+006, -5.115909E+006, -1.474048E+006
  5.100000E-006,  3.282112E+006,  2.249119E+006,  1.032993E+006
  5.110000E-006,  1.150396E+006,  1.713983E+006, -5.635870E+005
  5.120000E-006, -9.658206E+006, -7.362557E+006, -2.295649E+006
  5.130000E-006,  2.597182E+006,  2.391895E+006,  2.052870E+005
  5.140000E-006,  1.923408E+005,  2.657259E+006, -2.464918E+006
  5.150000E-006,  2.349449E+006, -6.566056E+004,  2.415110E+006
  5.160000E-006,  6.429354E+006,  2.585570E+006,  3.843784E+006
  5.170000E-006, -1.284515E+006, -1.625343E+004, -1.268262E+006
  5.180000E-006,  1.301347E+006,  3.314801E+005,  9.698668E+005
  5.190000E-006, -1.516299E+006, -1.492979E+006, -2.331963E+004
  5.200000E-006, -6.551650E+006, -3.348004E+006, -3.203646E+006
  5.210000E-006, -1.177563E+006, -1.067657E+006, -1.099060E+005
  5.220000E-006, -2.376385E+006, -3.228942E+006,  8.525564E+005
  5.230000E-006,  1.412239E+006,  1.594919E+006, -1.826802E+005
  5.240000E-006, -1.174674E+006, -6.019457E+005, -5.727287E+005
  5.250000E-006,  3.969904E+006,  3.742577E+006,  2.273271E+005
  5.260000E-006, -1.232784E+006, -2.827002E+006,  1.594218E+006
  5.270000E-006, -2.135617E+006,  1.857843E+006, -3.993460E+006
  5.280000E-006, -1.651914E+006, -4.396914E+006,  2.745000E+006
  5.290000E-006,  1.632112E+006, -5.741097E+005,  2.206222E+006
  5.300000E-006, -2.983917E+006, -4.693945E+005, -2.514522E+006
  5.310000E-006, -1.501014E+006, -1.194340E+006, -3.066737E+005
  5.320000E-006, -2.774266E+005, -1.389635E+006,  1.112208E+006
  5.330000E-006,  9.349092E+005,  1.621308E+006, -6.863992E+005
  5.340000E-006, -2.534970E+006,  6.024507E+005, -3.137420E+006
  5.350000E-006, -1.516753E+005, -1.976393E+006,  1.824718E+006
  5.360000E-006,  1.542204E+005, -5.092181E+004,  2.051422E+005
  5.370000E-006, -3.783012E+006, -3.122973E+006, -6.600387E+005
  5.380000E-006,  1.981693E+006,  2.297674E+006, -3.159809E+005
  5.390000E-006, -5.310676E+006, -2.320640E+006, -2.990036E+006
  5.400000E-006,  4.772081E+005, -3.732867E+006,  4.210075E+006
  5.410000E-006,  5.901515E+006,  2.547754E+006,  3.353761E+006
  5.420000E-006, -1.270337E+006,  1.407423E+006, -2.677760E+006
  5.430000E-006,  1.343632E+006, -4.388074E+004,  1.387513E+006
  5.440000E-006, -1.744862E+006, -2.430168E+006,  6.853062E+005
  5.450000E-006,  6.337328E+006,  4.279389E+005,  5.909389E+006
  5.460000E-006,  2.277826E+006, -5.742992E+005,  2.852125E+006
  5.470000E-006, -1.164046E+006, -2.227181E+006,  1.063135E+006
  5.480000E-006,  2.551634E+006,  1.412774E+006,  1.138860E+006
  5.490000E-006, -5.764204E+006, -4.611966E+006, -1.152238E+006
  5.500000E-006, -2.962982E+006, -7.322005E+005, -2.230781E+006
  5.510000E-006,  2.935155E+006,  1.096527E+006,  1.838628E+006
  5.520000E-006, -1.252808E+006, -8.297057E+005, -4.231023E+005
  5.530000E-006,  2.292528E+006,  1.224157E+006,  1.068371E+006
  5.540000E-006,  2.064927E+006,  1.013266E+005,  1.963601E+006
  5.550000E-006,  3.668805E+006,  1.772814E+006,  1.895991E+006
  5.560000E-006, -8.252994E+005, -1.567521E+006,  7.422213E+005
  5.570000E-006, -1.010953E+006, -2.238362E+006,  1.227409E+006
  5.580000E-006,  7.051940E+005,  1.043512E+006, -3.383184E+005
  5.590000E-006, -1.092667E+006,  7.348740E+005, -1.827541E+006
  5.600000E-006,  1.968968E+006, -2.656544E+005,  2.234622E+006
  5.610000E-006,  3.602397E+006,  8.100593E+005,  2.792338E+006
  5.620000E-006,  1.968154E+005,  8.449173E+005, -6.481020E+005
  5.630000E-006, -5.940981E+006, -3.233465E+006, -2.707516E+006
  5.640000E-006, -3.456719E+006, -1.752707E+006, -1.704011E+006
  5.650000E-006, -8.525506E+005, -8.258615E+005, -2.668916E+004
  5.660000E-006,  5.157491E+006,  3.490760E+006,  1.666730E+006
  5.670000E-006, -5.564334E+005, -1.558738E+004, -5.408460E+005
  5.680000E-006, -4.409080E+006, -1.958778E+006, -2.450302E+006
  5.690000E-006,  4.002663E+006,  1.278938E+006,  2.723725E+006
  5.700000E-006, -2.314678E+006, -1.859647E+006, -4.550310E+005
  5.710000E-006,  1.127160E+006,  2.731898E+006, -1.604738E+006
  5.720000E-006, -1.619995E+006,  1.274726E+006, -2.894721E+006
  5.730000E-006, -2.685870E+006, -1.226406E+006, -1.459464E+006
  5.740000E-006,  5.059265E+005,  8.849880E+005, -3.790616E+005
  5.750000E-006, -3.050530E+006,  1.948024E+005, -3.245332E+006
  5.760000E-006,  4.818860E+006,  8.004885E+005,  4.018372E+006
  5.770000E-006, -1.614697E+006, -2.380838E+006,  7.661411E+005
  5.780000E-006, -1.023643E+006, -9.247408E+005, -9.890261E+004
  5.790000E-006,  2.150496E+006,  1.393593E+006,  7.569029E+005
  5.800000E-006,  2.284821E+005,  2.168266E+006, -1.939783E+006
  5.810000E-006,  1.721306E+006,  1.782844E+006, -6.153885E+004
  5.820000E-006,  3.542544E+005,  9.203487E+005, -5.660943E+005
  5.830000E-006,  3.101499E+006,  9.557889E+005,  2.145710E+006
  5.840000E-006, -2.519029E+006,  3.184464E+005, -2.837475E+006
  5.850000E-006,  2.325253E+006, -6.046821E+005,  2.929935E+006
  5.860000E-006, -4.841585E+006, -4.349316E+006, -4.922685E+005
  5.870000E-006, -4.144112E+005,  2.203123E+006, -2.617535E+006
  5.880000E-006,  1.653201E+006,  2.553576E+006, -9.003742E+005
  5.890000E-006,  7.676844E+005,  1.604955E+006, -8.372701E+005
  5.900000E-006, -3.061268E+006, -2.229197E+006, -8.320709E+005
  5.910000E-006,  5.089480E+006,  1.161598E+006,  3.927882E+006
  5.920000E-006,  2.294855E+006,  3.893851E+005,  1.905470E+006
  5.930000E-006,  1.500522E+006,  1.939500E+006, -4.389782E+005
  5.940000E-006,  4.634569E+006,  2.455331E+006,  2.179238E+006
  5.950000E-006, -3.125685E+005,  1.254519E+005, -4.380203E+005
  5.960000E-006,  2.105388E+006,  1.701081E+006,  4.043075E+005
  5.970000E-006,  2.753473E+006,  1.390967E+006,  1.362507E+006
  5.980000E-006,  1.738035E+006,  1.240941E+006,  4.970939E+005
  5.990000E-006, -2.043689E+006, -7.129855E+005, -1.330703E+006
  6.000000E-006, -3.507250E+006, -1.079577E+006, -2.427673E+006
  6.010000E-006, -1.316769E+006,  1.637654E+006, -2.954423E+006
  6.020000E-006, -1.070270E+006, -4.879258E+005, -5.823439E+005
  6.030000E-006, -3.129527E+006, -1.583086E+006, -1.546441E+006
  6.040000E-006, -9.744770E+005, -4.337315E+005, -5.407455E+005
  6.050000E-006,  4.764621E+006,  4.723783E+006,  4.083769E+004
  6.060000E-006, -9.604187E+005, -2.213942E+006,  1.253523E+006
  6.070000E-006,  1.904551E+006,  2.517760E+006, -6.132090E+005
  6.080000E-006, -1.662577E+006, -2.601524E+006,  9.389466E+005
  6.090000E-006, -4.044189E+005,  1.023245E+006, -1.427664E+006
  6.100000E-006, -9.057310E+005, -2.140961E+006,  1.235230E+006
  6.110000E-006, -2.439773E+006,  1.552450E+005, -2.595018E+006
  6.120000E-006, -5.777262E+006, -2.735238E+006, -3.042024E+006
  6.130000E-006, -3.583158E+006, -1.233416E+006, -2.349742E+006
  6.140000E-006,  1.543202E+006,  1.420154E+006,  1.230481E+005
  6.150000E-006,  2.475575E+006,  1.276971E+006,  1.198604E+006
  6.160000E-006, -2.762096E+006, -7.819398E+005, -1.980156E+006
  6.170000E-006,  7.127220E+005,  5.863268E+005,  1.263953E+005
  6.180000E-006, -1.641620E+005,  2.599636E+006, -2.763798E+006
  6.190000E-006, -2.060656E+005, -1.912776E+006,  1.706711E+006
  6.200000E-006, -1.165268E+006, -1.845893E+006,  6.806245E+005
  6.210000E-006,  2.514518E+005, -3.808660E+005,  6.323177E+005
  6.220000E-006, -8.077310E+005,  5.906656E+005, -1.398397E+006
  6.230000E-006, -2.581332E+005, -7.915086E+005,  5.333754E+005
  6.240000E-006, -1.748873E+006, -1.315698E+006, -4.331754E+005
  6.250000E-006,  6.067102E+005, -3.327891E+005,  9.394992E+005
  6.260000E-006,  7.672360E+005, -5.910350E+005,  1.358271E+006
  6.270000E-006,  1.818013E+006, -1.457810E+006,  3.275823E+006
  6.280000E-006, -3.416408E+005, -2.384881E+005, -1.031527E+005
  6.290000E-006,  6.598008E+005,  2.370429E+006, -1.710628E+006
  6.300000E-006, -1.239509E+006, -7.905346E+005, -4.489739E+005
  6.310000E-006, -3.511443E+006, -4.118672E+006,  6.072292E+005
  6.320000E-006,  2.920616E+006, -2.899984E+005,  3.210615E+006
  6.330000E-006, -4.211614E+006, -3.853877E+006, -3.577367E+005
  6.340000E-006,  1.352066E+006, -7.992440E+005,  2.151310E+006
  6.350000E-006,  4.107097E+006,  2.388005E+006,  1.719091E+006
  6.360000E-006, -1.461389E+006,  2.109792E+006, -3.571181E+006
  6.370000E-006,  1.625836E+006,  2.077377E+006, -4.515403E+005
  6.380000E-006,  4.009608E+005, -1.770261E+006,  2.171222E+006
  6.390000E-006,  5.138983E+003,  8.913650E+005, -8.862260E+005
  6.400000E-006,  3.718185E+006,  4.066518E+006, -3.483327E+005
  6.410000E-006,  1.824069E+006,  2.663983E+006, -8.399134E+005
  6.420000E-006,  2.512507E+006,  3.921509E+006, -1.409002E+006
  6.430000E-006,  4.080061E+005,  3.742716E+005,  3.373445E+004
  6.440000E-006,  2.778382E+005, -7.398159E+005,  1.017654E+006
  6.450000E-006,  7.733549E+005,  3.085207E+006, -2.311853E+006
  6.460000E-006, -1.554266E+006,  9.004913E+005, -2.454757E+006
  6.470000E-006, -6.103160E+006, -4.609178E+006, -1.493982E+006
  6.480000E-006,  7.244875E+006,  2.964191E+006,  4.280684E+006
  6.490000E-006,  9.065595E+005,  1.256891E+006, -3.503311E+005
  6.500000E-006,  8.849517E+005,  1.541916E+006, -6.569644E+005
  6.510000E-006, -3.057664E+006, -2.158313E+006, -8.993511E+005
  6.520000E-006,  2.774437E+006,  1.242928E+006,  1.531508E+006
  6.530000E-006, -3.518832E+006, -4.153243E+005, -3.103508E+006
  6.540000E-006,  2.671670E+006,  1.958762E+006,  7.129074E+005
  6.550000E-006,  4.561058E+005,  2.153407E+006, -1.697301E+006
  6.560000E-006,  1.272315E+006,  1.697523E+006, -4.252082E+005
  6.570000E-006, -2.172620E+006,  1.739748E+006, -3.912369E+006
  6.580000E-006, -3.654869E+005, -1.291560E+006,  9.260735E+005
  6.590000E-006, -9.922845E+005, -2.392843E+005, -7.530002E+005
  6.600000E-006, -5.439538E+005,  2.008095E+006, -2.552049E+006
  6.610000E-006, -1.314647E+006, -2.091983E+006,  7.773363E+005
  6.620000E-006,  2.649082E+006,  1.345273E+005,  2.514555E+006
  6.630000E-006,  6.136043E+005,  1.613440E+006, -9.998361E+005
  6.640000E-006, -5.954922E+005, -1.586310E+006,  9.908178E+005
  6.650000E-006,  1.874793E+006,  3.305353E+006, -1.430560E+006
  6.660000E-006, -4.559774E+006, -1.766452E+006, -2.793322E+006
  6.670000E-006, -1.060411E+006, -5.175830E+005, -5.428281E+005
  6.680000E-006,  2.290422E+006, -2.159531E+005,  2.506375E+006
  6.690000E-006,  3.218108E+006,  1.507926E+006,  1.710182E+006
  6.700000E-006,  7.156844E+006,  3.812261E+006,  3.344583E+006
  6.710000E-006,  8.107417E+005,  2.876505E+005,  5.230912E+005
  6.720000E-006,  3.342946E+004, -1.882616E+006,  1.916046E+006
  6.730000E-006, -9.562668E+006, -4.872861E+006, -4.689807E+006
  6.740000E-006,  1.267992E+006, -2.608512E+005,  1.528843E+006
  6.750000E-006, -2.539125E+006, -3.384474E+006,  8.453493E+005
  6.760000E-006,  2.743717E+006,  3.289285E+006, -5.455679E+005
  6.770000E-006,  1.169020E+006,  8.227554E+005,  3.462643E+005
  6.780000E-006,  3.679809E+005,  3.034077E+005,  6.457319E+004
  6.790000E-006,  2.468173E+006,  1.313369E+006,  1.154804E+006
  6.800000E-006, -8.642072E+004,  2.717086E+006, -2.803507E+006
  6.810000E-006,  6.498708E+005, -1.350684E+006,  2.000555E+006
  6.820000E-006,  3.161817E+006,  2.746287E+006,  4.155301E+005
  6.830000E-006, -2.861706E+006, -1.391645E+006, -1.470060E+006
  6.840000E-006, -3.363808E+006, -4.023530E+006,  6.597222E+005
  6.850000E-006, -2.644931E+006, -3.508373E+006,  8.634420E+005
  6.860000E-006, -3.932408E+005,  8.970094E+005, -1.290250E+006
  6.870000E-006,  1.350377E+006,  8.985699E+005,  4.518069E+005
  6.880000E-006, -1.148164E+006,  1.134073E+006, -2.282237E+006
  6.890000E-006, -5.269864E+006, -2.585330E+006, -2.684534E+006
  6.900000E-006,  2.007209E+006,  8.183978E+005,  1.188811E+006
  6.910000E-006, -4.339276E+006, -3.489704E+006, -8.495725E+005
  6.920000E-006, -8.925534E+005, -8.963978E+005,  3.844407E+003
  6.930000E-006, -2.759861E+006, -3.303556E+006,  5.436943E+005
  6.940000E-006, -1.465849E+006, -7.329647E+005, -7.328842E+005
  6.950000E-006,  9.820858E+005,  1.487910E+006, -5.058238E+005
  6.960000E-006,  4.513840E+006,  1.419086E+006,  3.094754E+006
  6.970000E-006,  1.039674E+006,  4.294659E+006, -3.254986E+006
  6.980000E-006,  1.566879E+006,  6.577404E+005,  9.091387E+005
  6.990000E-006, -2.520855E+006, -3.796055E+006,  1.275200E+006
  7.000000E-006, -5.505047E+005, -3.081635E+005, -2.423412E+005
  7.010000E-006,  2.316105E+006, -3.574267E+005,  2.673532E+006
  7.020000E-006,  2.005368E+006,  3.042618E+006, -1.037250E+006
  7.030000E-006,  6.758552E+006,  2.275749E+006,  4.482803E+006
  7.040000E-006, -6.058316E+006, -3.838429E+006, -2.219887E+006
  7.050000E-006, -5.028164E+006, -3.290499E+006, -1.737665E+006
  7.060000E-006,  3.482791E+006,  2.016021E+005,  3.281189E+006
  7.070000E-006,  1.369235E+006,  1.649525E+006, -2.802903E+005
  7.080000E-006,  2.608447E+006,  2.322771E+006,  2.856766E+005
  7.090000E-006,  1.935046E+006,  2.582214E+006, -6.471678E+005
  7.100000E-006, -1.910228E+006,  5.848709E+005, -2.495099E+006
  7.110000E-006, -3.245937E+006, -2.914964E+006, -3.309725E+005
  7.120000E-006,  2.869878E+006,  1.084771E+006,  1.785107E+006
  7.130000E-006, -1.497660E+006, -2.716927E+006,  1.219268E+006
  7.140000E-006, -2.692342E+006,  3.310992E+005, -3.023441E+006
  7.150000E-006,  6.330139E+005, -5.938132E+005,  1.226827E+006
  7.160000E-006, -2.439701E+006, -1.542126E+006, -8.975757E+005
  7.170000E-006,  4.337882E+006,  2.179349E+006,  2.158533E+006
  7.180000E-006, -2.980960E+006, -2.187109E+006, -7.938513E+005
  7.190000E-006,  2.547531E+006,  1.871591E+006,  6.759399E+005
  7.200000E-006, -5.018842E+006, -1.665729E+006, -3.353113E+006
  7.210000E-006,  2.204214E+006,  3.106788E+006, -9.025737E+005
  7.220000E-006,  1.912177E+006,  3.041443E+006, -1.129267E+006
  7.230000E-006,  4.542294E+006,  4.816758E+006, -2.744631E+005
  7.240000E-006, -7.018214E+006, -3.372500E+006, -3.645714E+006
  7.250000E-006,  3.910180E+006,  3.272191E+006,  6.379889E+005
  7.260000E-006,  2.039563E+006,  7.672428E+004,  1.962839E+006
  7.270000E-006, -6.759048E+006, -1.660186E+006, -5.098863E+006
  7.280000E-006, -6.271352E+006, -3.086624E+006, -3.184728E+006
  7.290000E-006, -3.689707E+006, -2.193734E+006, -1.495973E+006
  7.300000E-006,  1.575199E+006,  3.191515E+006, -1.616316E+006
  7.310000E-006,  1.587778E+005, -7.313655E+005,  8.901433E+005
  7.320000E-006,  1.978244E+006,  1.480170E+006,  4.980738E+005
  7.330000E-006, -2.302034E+006, -2.885817E+005, -2.013452E+006
  7.340000E-006, -4.727811E+006, -5.073197E+006,  3.453856E+005
  7.350000E-006, -2.811828E+006, -9.867779E+005, -1.825050E+006
  7.360000E-006,  3.717582E+006,  2.378466E+006,  1.339117E+006
  7.370000E-006,  6.510630E+005,  1.503515E+006, -8.524518E+005
  7.380000E-006, -1.351057E+006,  9.318542E+004, -1.444242E+006
  7.390000E-006,  1.540466E+006,  2.580465E+005,  1.282420E+006
  7.400000E-006,  1.190232E+006, -8.139647E+004,  1.271629E+006
  7.410000E-006, -2.401838E+006, -3.453850E+005, -2.056453E+006
  7.420000E-006,  3.072062E+006,  4.473085E+004,  3.027331E+006
  7.430000E-006, -6.624945E+005, -1.290084E+006,  6.275893E+005
  7.440000E-006,  3.716411E+005, -7.344317E+005,  1.106073E+006
  7.450000E-006,  4.446098E+006,  1.347626E+006,  3.098472E+006
  7.460000E-006, -6.743282E+005, -1.143835E+006,  4.695066E+005
  7.470000E-006, -1.483784E+006,  3.544755E+005, -1.838259E+006
  7.480000E-006, -7.371021E+006, -4.543198E+006, -2.827822E+006
  7.490000E-006,  5.622333E+006,  3.397917E+006,  2.224417E+006
  7.500000E-006, -7.666975E+005, -4.938341E+005, -2.728634E+005
  7.510000E-006,  4.484584E+006,  5.035630E+006, -5.510461E+005
  7.520000E-006,  3.390617E+006,  2.391171E+006,  9.994459E+005
  7.530000E-006,  3.718613E+006,  5.547271E+005,  3.163886E+006
  7.540000E-006,  1.144124E+006,  2.225521E+006, -1.081397E+006
  7.550000E-006, -8.593186E+005,  9.763972E+005, -1.835716E+006
  7.560000E-006, -6.712771E+006, -3.771975E+006, -2.940796E+006
  7.570000E-006,  1.900542E+006,  7.028726E+005,  1.197669E+006
  7.580000E-006, -1.268887E+006, -1.168274E+006, -1.006126E+005
  7.590000E-006,  2.169409E+006,  1.097001E+006,  1.072408E+006
  7.600000E-006, -1.471531E+006, -3.650651E+006,  2.179120E+006
  7.610000E-006, -2.046741E+006, -1.937657E+006, -1.090838E+005
  7.620000E-006, -5.488423E+005,  1.624620E+006, -2.173462E+006
  7.630000E-006,  2.225523E+006,  1.237550E+005,  2.101768E+006
  7.640000E-006,  9.226460E+005,  9.669545E+005, -4.430848E+004
  7.650000E-006, -1.624789E+004,  3.641301E+006, -3.657549E+006
  7.660000E-006,  1.731600E+006, -4.422778E+005,  2.173878E+006
  7.670000E-006, -3.461192E+006, -1.140740E+006, -2.320451E+006
  7.680000E-006,  9.070179E+005, -7.277534E+005,  1.634771E+006
  7.690000E-006, -2.409325E+005, -1.854725E+006,  1.613793E+006
  7.700000E-006, -2.142635E+006,  1.555129E+004, -2.158186E+006
  7.710000E-006,  2.939264E+006, -8.092217E+004,  3.020186E+006
  7.720000E-006, -2.523758E+006, -1.935956E+006, -5.878024E+005
  7.730000E-006,  1.405712E+006, -4.859839E+005,  1.891696E+006
  7.740000E-006,  2.075080E+006,  1.370783E+006,  7.042972E+005
  7.750000E-006,  3.700275E+006,  1.665759E+006,  2.034516E+006
  7.760000E-006,  4.005460E+006,  4.202961E+006, -1.975007E+005
  7.770000E-006,  1.611203E+005, -5.955054E+005,  7.566257E+005
  7.780000E-006,  9.082508E+005, -2.081732E+005,  1.116424E+006
  7.790000E-006, -2.380238E+006, -1.544241E+006, -8.359968E+005
  7.800000E-006,  1.397888E+006,  1.853626E+006, -4.557382E+005
  7.810000E-006, -3.704270E+006, -1.844586E+006, -1.859684E+006
  7.820000E-006, -8.418756E+005, -9.147538E+005,  7.287820E+004
  7.830000E-006, -6.830307E+005, -1.787647E+006,  1.104616E+006
  7.840000E-006, -5.340964E+006, -3.904511E+005, -4.950513E+006
  7.850000E-006,  1.487021E+004, -7.887316E+005,  8.036018E+005
  7.860000E-006, -3.311032E+006,  2.277171E+006, -5.588204E+006
  7.870000E-006,  9.888281E+005,  1.751971E+006, -7.631433E+005
  7.880000E-006, -4.118450E+006, -5.800151E+005, -3.538435E+006
  7.890000E-006,  8.548627E+005, -1.802465E+005,  1.035109E+006
  7.900000E-006,  2.564305E+006, -2.878849E+005,  2.852190E+006
  7.910000E-006,  5.789044E+006,  1.005146E+006,  4.783898E+006
  7.920000E-006,  3.466713E+006, -1.130297E+006,  4.597010E+006
  7.930000E-006, -1.389809E+005, -1.469938E+006,  1.330957E+006
  7.940000E-006,  1.804463E+006,  1.754794E+006,  4.966907E+004
  7.950000E-006, -7.176355E+005,  2.485927E+005, -9.662282E+005
  7.960000E-006,  8.473385E+005,  1.903650E+006, -1.056312E+006
  7.970000E-006,  1.345713E+006,  1.274790E+005,  1.218234E+006
  7.980000E-006, -6.857388E+005, -1.311070E+006,  6.253313E+005
  7.990000E-006, -5.506301E+006, -2.321666E+006, -3.184635E+006
  8.000000E-006, -4.107790E+006, -1.091943E+006, -3.015847E+006
  8.010000E-006,  2.126764E+006, -1.913969E+006,  4.040733E+006
  8.020000E-006, -1.733003E+006,  2.729801E+006, -4.462804E+006
  8.030000E-006,  2.059709E+005, -3.365974E+006,  3.571945E+006
  8.040000E-006,  1.711938E+005,  1.296455E+005,  4.154828E+004
  8.050000E-006, -2.307412E+006, -2.375994E+006,  6.858134E+004
  8.060000E-006,  4.186838E+006, -3.904687E+005,  4.577307E+006
  8.070000E-006, -2.569600E+005, -1.107757E+006,  8.507965E+005
  8.080000E-006,  9.688826E+005, -1.489388E+006,  2.458271E+006
  8.090000E-006,  3.214042E+006,  1.524781E+006,  1.689261E+006
  8.100000E-006, -1.929422E+006,  2.894874E+005, -2.218910E+006
  8.110000E-006, -3.495485E+006, -3.800027E+006,  3.045419E+005
  8.120000E-006,  1.298508E+006,  1.348720E+006, -5.021213E+004
  8.130000E-006,  2.521242E+006,  1.590368E+006,  9.308731E+005
  8.140000E-006, -1.502446E+006, -7.630132E+005, -7.394324E+005
  8.150000E-006, -1.099038E+006, -3.834473E+006,  2.735435E+006
  8.160000E-006,  2.802663E+006,  8.127922E+005,  1.989870E+006
  8.170000E-006, -2.023018E+006, -1.801785E+006, -2.212329E+005
  8.180000E-006, -3.171961E+006, -4.538427E+006,  1.366466E+006
  8.190000E-006,  3.204522E+006,  3.743277E+006, -5.387549E+005
  8.200000E-006,  1.593007E+006, -5.744912E+003,  1.598752E+006
  8.210000E-006,  3.733163E+006,  6.495333E+005,  3.083629E+006
  8.220000E-006, -9.705844E+005, -6.704528E+005, -3.001316E+005
  8.230000E-006, -3.220924E+006, -2.863969E+006, -3.569548E+005
  8.240000E-006,  4.173575E+006,  2.390856E+006,  1.782719E+006
  8.250000E-006,  8.382745E+005,  2.495722E+006, -1.657447E+006
  8.260000E-006, -7.749674E+005,  6.591379E+005, -1.434105E+006
  8.270000E-006, -6.557423E+004, -1.466707E+006,  1.401133E+006
  8.280000E-006, -3.488222E+005,  2.795984E+006, -3.144806E+006
  8.290000E-006,  3.855755E+005,  1.876587E+006, -1.491011E+006
  8.300000E-006, -6.225272E+006, -3.840099E+006, -2.385173E+006
  8.310000E-006,  8.506815E+005,  7.185219E+005,  1.321596E+005
  8.320000E-006,  1.422893E+006,  6.736021E+005,  7.492908E+005
  8.330000E-006, -2.409384E+006,  1.757073E+005, -2.585091E+006
  8.340000E-006,  2.764789E+006,  2.849819E+005,  2.479807E+006
  8.350000E-006, -1.435288E+006, -1.055383E+004, -1.424735E+006
  8.360000E-006, -2.558942E+006, -1.067500E+006, -1.491442E+006
  8.370000E-006,  2.905377E+006,  1.695096E+006,  1.210281E+006
  8.380000E-006,  6.856873E+006,  3.646253E+006,  3.210620E+006
  8.390000E-006, -2.013492E+006, -1.301114E+006, -7.123777E+005
  8.400000E-006, -1.023507E+004, -9.261875E+004,  8.238368E+004
  8.410000E-006, -4.252940E+006, -1.986742E+006, -2.266198E+006
  8.420000E-006, -3.058965E+006,  6.570824E+005, -3.716048E+006
  8.430000E-006,  4.685809E+006,  3.848798E+006,  8.370108E+005
  8.440000E-006, -4.984157E+005,  1.995501E+006, -2.493917E+006
  8.450000E-006,  3.854321E+005,  5.966805E+005, -2.112485E+005
  8.460000E-006,  3.828440E+006,  1.699587E+006,  2.128852E+006
  8.470000E-006, -3.106326E+006, -1.514524E+006, -1.591802E+006
  8.480000E-006, -3.058905E+006, -4.664892E+006,  1.605987E+006
  8.490000E-006, -8.860142E+005, -7.561976E+005, -1.298166E+005
  8.500000E-006, -6.604237E+004,  1.331403E+006, -1.397446E+006
  8.510000E-006,  2.747814E+005, -9.445667E+005,  1.219348E+006
  8.520000E-006, -3.176680E+006, -2.884092E+006, -2.925879E+005
  8.530000E-006,  2.505164E+006,  7.224474E+005,  1.782717E+006
  8.540000E-006,  3.163111E+006,  2.500603E+006,  6.625073E+005
  8.550000E-006, -1.786476E+006, -6.811697E+005, -1.105306E+006
  8.560000E-006,  7.235452E+006,  5.099659E+006,  2.135793E+006
  8.570000E-006,  1.315796E+006, -9.690037E+005,  2.284800E+006
  8.580000E-006,  3.869906E+005,  7.904993E+005, -4.035087E+005
  8.590000E-006,  2.504907E+006,  1.362966E+005,  2.368611E+006
  8.600000E-006, -7.077861E+005,  1.282381E+006, -1.990167E+006
  8.610000E-006,  3.295187E+006,  1.995735E+006,  1.299452E+006
  8.620000E-006,  1.643073E+006,  1.610077E+006,  3.299550E+004
  8.630000E-006, -2.857758E+006, -3.082534E+006,  2.247767E+005
  8.640000E-006,  4.222133E+005,  1.907119E+006, -1.484905E+006
  8.650000E-006,  2.465949E+006,  1.665170E+006,  8.007787E+005
  8.660000E-006, -2.018561E+006, -6.989144E+004, -1.948670E+006
  8.670000E-006, -9.784886E+005, -4.264205E+005, -5.520681E+005
  8.680000E-006, -2.917261E+006, -3.169655E+006,  2.523946E+005
  8.690000E-006, -2.297729E+006, -2.321104E+006,  2.337457E+004
  8.700000E-006,  9.080731E+005,  4.003499E+005,  5.077232E+005
  8.710000E-006, -6.612523E+005,  6.874097E+005, -1.348662E+006
  8.720000E-006,  4.855123E+006,  3.508002E+006,  1.347121E+006
  8.730000E-006,  1.732156E+006,  2.923413E+006, -1.191257E+006
  8.740000E-006, -1.578773E+005, -1.512568E+005, -6.620543E+003
  8.750000E-006,  3.646676E+006,  5.283496E+006, -1.636820E+006
  8.760000E-006, -4.034563E+006, -5.066249E+006,  1.031686E+006
  8.770000E-006, -3.997356E+006, -4.330462E+006,  3.331066E+005
  8.780000E-006,  2.009657E+006,  8.011889E+005,  1.208468E+006
  8.790000E-006, -2.159623E+006, -2.649097E+006,  4.894746E+005
  8.800000E-006, -4.015476E+006, -3.725309E+006, -2.901675E+005
  8.810000E-006,  2.626018E+006,  1.291166E+005,  2.496901E+006
  8.820000E-006, -6.756110E+005, -1.032703E+006,  3.570921E+005
  8.830000E-006, -2.761984E+006, -1.465985E+006, -1.295999E+006
  8.840000E-006,  3.427860E+006,  1.731369E+006,  1.696491E+006
  8.850000E-006, -1.575002E+006, -1.408397E+006, -1.666053E+005
  8.860000E-006, -1.004383E+006,  2.630580E+005, -1.267441E+006
  8.870000E-006, -4.716820E+006, -2.215773E+006, -2.501047E+006
  8.880000E-006,  3.642804E+006,  2.061540E+006,  1.581264E+006
  8.890000E-006, -2.311079E+006, -2.781838E+006,  4.707592E+005
  8.900000E-006,  2.205031E+006,  2.886828E+006, -6.817968E+005
  8.910000E-006, -2.391596E+006, -2.844426E+006,  4.528305E+005
  8.920000E-006,  2.938477E+006,  4.794721E+006, -1.856244E+006
  8.930000E-006, -8.698207E+005, -5.187120E+005, -3.511087E+005
  8.940000E-006,  5.254489E+006,  2.365005E+006,  2.889484E+006
  8.950000E-006, -2.790894E+006, -3.217605E+005, -2.469134E+006
  8.960000E-006,  1.561608E+005, -2.481218E+005,  4.042826E+005
  8.970000E-006, -3.251252E+006, -5.253284E+006,  2.002032E+006
  8.980000E-006, -6.037151E+005,  7.680874E+004, -6.805238E+005
  8.990000E-006, -2.400934E+006, -6.520044E+005, -1.748930E+006
  9.000000E-006, -2.322529E+006, -2.575904E+006,  2.533745E+005
  9.010000E-006,  2.965963E+006,  2.881889E+006,  8.407389E+004
  9.020000E-006,  6.340040E+005,  8.718846E+005, -2.378806E+005
  9.030000E-006,  3.178358E+006,  1.629277E+006,  1.549081E+006
  9.040000E-006, -6.202184E+005, -6.303909E+005,  1.017256E+004
  9.050000E-006, -4.138945E+006, -1.744870E+006, -2.394075E+006
  9.060000E-006,  3.763210E+005, -3.278764E+005,  7.041973E+005
  9.070000E-006, -2.730814E+006, -2.176269E+006, -5.545452E+005
  9.080000E-006, -3.736209E+005,  4.063442E+005, -7.799651E+005
  9.090000E-006, -2.652753E+006, -3.629819E+006,  9.770660E+005
  9.100000E-006,  6.616408E+006,  3.146518E+006,  3.469890E+006
  9.110000E-006, -2.303849E+006, -2.337609E+005, -2.070088E+006
  9.120000E-006, -9.925885E+005, -2.109314E+006,  1.116726E+006
  9.130000E-006,  1.130643E+006, -9.216638E+005,  2.052307E+006
  9.140000E-006,  3.786947E+006,  2.662871E+006,  1.124077E+006
  9.150000E-006, -2.027158E+005, -1.617166E+006,  1.414450E+006
  9.160000E-006,  6.177545E+005,  3.426250E+005,  2.751295E+005
  9.170000E-006, -1.225751E+005, -1.446311E+005,  2.205601E+004
  9.180000E-006, -5.749037E+005, -4.698479E+005, -1.050558E+005
  9.190000E-006, -1.519868E+006, -1.854314E+006,  3.344458E+005
  9.200000E-006, -1.866323E+005,  6.630575E+004, -2.529381E+005
  9.210000E-006, -4.058418E+006, -1.716280E+006, -2.342138E+006
  9.220000E-006,  2.390618E+005,  3.564433E+005, -1.173815E+005
  9.230000E-006,  6.581984E+006,  2.701896E+006,  3.880088E+006
  9.240000E-006, -8.221421E+005, -2.117022E+006,  1.294880E+006
  9.250000E-006,  6.043500E+005, -1.741052E+006,  2.345402E+006
  9.260000E-006,  1.474982E+005,  5.076169E+005, -3.601187E+005
  9.270000E-006, -5.056000E+006, -4.243731E+006, -8.122697E+005
  9.280000E-006,  2.367487E+006,  1.404662E+006,  9.628246E+005
  9.290000E-006,  3.291391E+006,  1.766220E+006,  1.525171E+006
  9.300000E-006,  5.533355E+005, -5.311951E+005,  1.084531E+006
  9.310000E-006,  1.731147E+005,  1.698221E+006, -1.525106E+006
  9.320000E-006, -4.396641E+006, -3.035911E+006, -1.360731E+006
  9.330000E-006, -2.355638E+006,  6.054115E+004, -2.416180E+006
  9.340000E-006, -2.999024E+006, -9.674697E+005, -2.031554E+006
  9.350000E-006, -6.386147E+006, -4.042501E+006, -2.343646E+006
  9.360000E-006,  1.094408E+006, -8.264147E+005,  1.920823E+006
  9.370000E-006,  2.214057E+005, -9.241360E+005,  1.145542E+006
  9.380000E-006, -1.930661E+006, -8.849073E+004, -1.842171E+006
  9.390000E-006,  1.451155E+006,  2.566931E+006, -1.115776E+006
  9.400000E-006,  2.222932E+006,  4.648410E+005,  1.758091E+006
  9.410000E-006, -1.492024E+006, -4.765244E+005, -1.015500E+006
  9.420000E-006, -2.708856E+006, -1.090193E+006, -1.618663E+006
  9.430000E-006,  2.024934E+006,  3.974236E+005,  1.627511E+006
  9.440000E-006,  3.528830E+006,  2.245674E+006,  1.283157E+006
  9.450000E-006,  6.187588E+006,  2.029179E+006,  4.158409E+006
  9.460000E-006, -3.695945E+006, -2.893058E+006, -8.028866E+005
  9.470000E-006,  1.397638E+006, -4.208305E+005,  1.818469E+006
  9.480000E-006, -3.784254E+006, -3.560694E+006, -2.235605E+005
  9.490000E-006,  4.349991E+006,  3.021871E+006,  1.328119E+006
  9.500000E-006,  9.483778E+005,  2.684142E+006, -1.735764E+006
  9.510000E-006,  5.479162E+005, -8.355600E+005,  1.383476E+006
  9.520000E-006,  1.204793E+006,  3.505784E+004,  1.169735E+006
  9.530000E-006,  1.215798E+006,  1.348122E+006, -1.323239E+005
  9.540000E-006, -5.091470E+006, -3.206988E+006, -1.884482E+006
  9.550000E-006,  6.885605E+005,  1.529405E+006, -8.408441E+005
  9.560000E-006,  4.232875E+006,  2.278365E+006,  1.954510E+006
  9.570000E-006,  6.944004E+004,  2.503539E+005, -1.809139E+005
  9.580000E-006,  3.072321E+005,  1.087398E+006, -7.801659E+005
  9.590000E-006,  1.292922E+006, -3.021266E+006,  4.314188E+006
  9.600000E-006, -1.260631E+006,  1.622218E+006, -2.882850E+006
  9.610000E-006, -8.028641E+005, -8.027053E+005, -1.587901E+002
  9.620000E-006,  6.322828E+006,  6.946552E+006, -6.237241E+005
  9.630000E-006,  2.542157E+006,  1.443000E+006,  1.099157E+006
  9.640000E-006,  1.837263E+006,  3.509184E+005,  1.486345E+006
  9.650000E-006, -1.685022E+006, -5.402175E+005, -1.144805E+006
  9.660000E-006,  2.652656E+006, -6.998258E+005,  3.352481E+006
  9.670000E-006, -4.032455E+006, -9.901432E+005, -3.042312E+006
  9.680000E-006, -3.442954E+006, -6.247801E+006,  2.804847E+006
  9.690000E-006, -1.247154E+006,  2.525963E+006, -3.773116E+006
  9.700000E-006, -5.552293E+005, -4.660870E+005, -8.914235E+004
  9.710000E-006, -1.828147E+006, -3.545391E+006,  1.717244E+006
  9.720000E-006,  3.011953E+006,  7.952279E+003,  3.004000E+006
  9.730000E-006,  2.521049E+006,  3.956159E+006, -1.435110E+006
  9.740000E-006,  3.537569E+005, -4.075389E+005,  7.612958E+005
  9.750000E-006,  2.470134E+006,  2.086520E+006,  3.836139E+005
  9.760000E-006,  3.994173E+006,  2.705410E+006,  1.288763E+006
  9.770000E-006, -4.207449E+006, -3.689879E+006, -5.175696E+005
  9.780000E-006, -4.266280E+005, -2.028338E+006,  1.601710E+006
  9.790000E-006,  2.610958E+005,  3.710309E+006, -3.449213E+006
  9.800000E-006,  8.080976E+004,  5.954535E+005, -5.146438E+005
  9.810000E-006, -7.083478E+006, -2.865056E+006, -4.218422E+006
  9.820000E-006, -2.516182E+006, -1.076755E+006, -1.439427E+006
  9.830000E-006,  1.925165E+006,  1.283169E+006,  6.419963E+005
  9.840000E-006, -1.796051E+005,  1.221087E+005, -3.017139E+005
  9.850000E-006,  2.344589E+004,  4.729418E+005, -4.494959E+005
  9.860000E-006,  2.843295E+006,  2.199331E+006,  6.439637E+005
  9.870000E-006,  2.490435E+006,  3.197323E+006, -7.068883E+005
  9.880000E-006,  1.261709E+006,  4.545856E+005,  8.071239E+005
  9.890000E-006, -2.157142E+006,  8.464030E+005, -3.003545E+006
  9.900000E-006,  3.007182E+006,  7.835810E+005,  2.223601E+006
  9.910000E-006,  3.259600E+006, -7.145474E+004,  3.331055E+006
  9.920000E-006, -2.073933E+005, -2.837729E+006,  2.630335E+006
  9.930000E-006, -2.995011E+006, -3.141405E+006,  1.463936E+005
  9.940000E-006, -1.267897E+006,  1.661602E+006, -2.929499E+006
  9.950000E-006,  1.922847E+006,  1.091668E+006,  8.311794E+005
  9.960000E-006,  1.582454E+006,  3.102690E+006, -1.520236E+006
  9.970000E-006,  2.546124E+006,  2.811855E+006, -2.657312E+005
  9.980000E-006, -2.438268E+006, -6.336713E+005, -1.804597E+006
  9.990000E-006,  3.482447E+006,  3.042991E+006,  4.394561E+005
  1.000000E-005,  3.267901E+006,  3.944334E+006, -6.764327E+005
